Title,IMDb Rating,Metascore,Tomatometer,Popcornmeter,Runtime (mins),Year,Genres,Directors,Writer,Award Nominations,Award Wins,Oscar Nominations,Oscar Wins,Logline,Motion Picture Rating,Country Of Origin,Budget,Gross US & Canada,Opening Weekend US & Canada,Gross Worldwide
A Glimpse Inside The Mind Of Charles Swan III,4.6,28,16%,25%,86,2012,Comedy,Roman Coppola,Roman Coppola,,,,,A graphic designer's enviable life slides into despair when his girlfriend breaks up with him.,R,United States,"$45,350",,,
Ginger & Rosa,6.2,69,78%,50%,90,2012,Drama,Sally Potter,"Walter Donohue, Sally Potter",,,,,"A look at the lives of two teenage girls - inseparable friends Ginger and Rosa -- growing up in 1960s London as the Cuban Missile Crisis looms, and the pivotal event that comes to redefine their relationship.",PG-13,"United Kingdom, Denmark, Canada","$1,012,973",,,
Spring Breakers,5.3,63,68%,38%,94,2012,"Crime, Drama, Thriller",Harmony Korine,Harmony Korine,35,14,,,"Four college girls hold up a restaurant in order to fund their spring break vacation. While partying, drinking, and taking drugs, they are arrested, only to be bailed out by a drug and arms dealer.",R,"United States, France","$5,000,000","$14,124,284","$263,002","$32,016,127"
The Bling Ring,5.6,66,60%,33%,90,2013,"Biography, Crime, Drama",Sofia Coppola,"Sofia Coppola, Nancy Jo Sales",,,,,"Inspired by actual events, a group of fame-obsessed teenagers use the internet to track celebrities' whereabouts in order to rob their homes.",R,"United States, United Kingdom, France, Germany, Japan","$5,845,732",,,
The Spectacular Now,7,82,92%,76%,95,2013,"Drama, Romance",James Ponsoldt,"Scott Neustadter, Michael H. Weber, Tim Tharp",,,,,"A hard-partying high school senior's philosophy on life changes when he meets the not-so-typical ""nice girl.""",R,United States,"$6,854,611",,,
Enemy,6.9,61,73%,64%,91,2013,"Drama, Mystery, Thriller",Denis Villeneuve,"José Saramago, Javier Gullón",,,,,A man seeks out his exact look-alike after spotting him in a movie.,R,"Canada, Spain, France","$1,008,726",,,
Under The Skin,6.3,83,83%,55%,108,2013,"Drama, Horror, Mystery",Jonathan Glazer,"Walter Campbell, Jonathan Glazer, Michel Faber",,,,,"A mysterious young woman seduces lonely men in the evening hours in Scotland. However, events lead her to begin a process of self-discovery.",R,"United Kingdom, Switzerland, United States","$2,614,251",,,
Locke,7.1,83,91%,72%,85,2013,Drama,Steven Knight,Steven Knight,,,,,"Ivan Locke, a dedicated family man and successful construction manager, receives a phone call that sets in motion a series of events that threaten his carefully cultivated existence.",R,"United Kingdom, United States","$1,375,769",,,
Obvious Child,6.7,76,90%,72%,84,2014,"Comedy, Drama, Romance",Gillian Robespierre,"Gillian Robespierre, Karen Maine, Elisabeth Holm",,,,,A twenty-something comedienne's unplanned pregnancy forces her to confront the realities of independent womanhood for the first time.,R,United States,"$3,123,963",,,
The Rover,6.4,64,67%,52%,103,2014,"Action, Crime, Drama",David Michôd,"David Michôd, Joel Edgerton",,,,,"10 years after a global economic collapse, a hardened loner pursues the men who stole his only possession, his car. Along the way, he captures one of the thieves' brother, and the duo form an uneasy bond during the dangerous journey.",R,"Australia, United States","$1,114,423",,,
Life After Beth,5.7,50,46%,31%,89,2014,"Comedy, Fantasy, Horror",Jeff Baena,Jeff Baena,,,,,"A young man's recently deceased girlfriend mysteriously returns from the dead, but he slowly realizes she is not the way he remembered her.",R,United States,"$88,273",,,
Tusk,5.4,55,46%,36%,102,2014,"Comedy, Horror",Kevin Smith,Kevin Smith,,,,,A brash and arrogant podcaster gets more than he bargained for when he travels to Canada to interview a mysterious recluse... who has a rather disturbing fondness for walruses.,R,"Canada, United States","$1,826,705",,,
Laggies,6.4,63,64%,50%,99,2014,"Comedy, Drama, Romance",Lynn Shelton,Andrea Seigel,,,,,"In the throes of a quarter-life crisis, Megan panics when her boyfriend proposes. She takes an opportunity to escape for a week, hiding out in the house of her new 16-year-old friend Annika and her world-weary single dad.",R,United States,"$1,066,981",,,
Revenge Of The Green Dragons,5.3,36,16%,30%,94,2014,"Action, Crime, Drama","Wai Keung Lau, Andrew Loo","Michael Di Jiacomo, Andrew Loo, Fredric Dannen",,,,,Two best friends rise through the ranks of New York's Chinese underworld in the 1980s.,R,"Hong Kong, United States",N/A,,,
The Captive,5.9,36,28%,36%,112,2014,"Crime, Drama, Mystery",Atom Egoyan,"Atom Egoyan, David Fraser",,,,,"Eight years after the disappearance of Cassandra, some disturbing incidents seem to indicate that she's still alive. Police, parents and Cassandra herself, will try to unravel the mystery of her disappearance.",R,Canada,"$1,075,178",,,
A Most Violent Year,6.9,79,90%,69%,125,2014,"Crime, Drama, Thriller",J.C. Chandor,J.C. Chandor,,,,,"In New York City 1981, an ambitious immigrant fights to protect his business and family during the most dangerous year in the city's history.",R,"United States, United Arab Emirates","$5,749,134",,,
Son Of A Gun,6.4,49,63%,63%,108,2014,"Action, Crime, Drama",Julius Avery,"Julius Avery, John Collee",,,,,"JR busts out of prison with Brendan Lynch, Australia's most notorious criminal, and joins Lynch's gang for a gold heist that soon pits the two men against one another.",R,"Australia, United Kingdom, Canada",N/A,,,
While We're Young,6.3,77,84%,51%,97,2014,"Comedy, Drama, Mystery",Noah Baumbach,"Noah Baumbach, Henrik Ibsen, Wallace Shawn",,,,,A middle-aged couple's career and marriage are overturned when a disarming young couple enters their lives.,R,United States,"$7,587,485",,,
Cut Bank,6.1,44,38%,29%,93,2014,"Crime, Drama, Mystery",Matt Shakman,Roberto Patino,,,,,A young man's life is unraveled after witnessing a murder that he filmed in his rural town of Cut Bank.,R,United States,N/A,,,
Ex Machina,7.7,78,92%,86%,108,2014,"Drama, Sci-Fi, Thriller",Alex Garland,Alex Garland,,,,,A young programmer is selected to participate in a ground-breaking experiment in synthetic intelligence by evaluating the human qualities of a highly advanced humanoid A.I.,R,"United Kingdom, United States","$25,442,958",,,
Slow West,6.9,72,92%,74%,84,2015,"Adventure, Drama, Romance",John Maclean,John Maclean,,,,,"A young Scottish man travels across America in pursuit of the woman he loves, attracting the attention of an outlaw who is willing to serve as a guide.",R,"United Kingdom, New Zealand","$229,094",,,
Barely Lethal,5.4,44,26%,38%,96,2015,"Action, Comedy",Kyle Newman,John D'Arco,,,,,"A teenage special ops agent coveting a ""normal"" adolescence fakes her own death and enrolls in a suburban high school. She quickly learns that surviving the treacherous waters of high school is more challenging than international ...",PG-13,United States,"$6,075",,,
Amy,7.8,85,96%,87%,128,2015,"Documentary, Biography, Music",Asif Kapadia,N/A,,,,,Archival footage and personal testimonials present an intimate portrait of the life and career of British singer/songwriter Amy Winehouse.,R,United Kingdom,"$8,413,144",,,
The End Of The Tour,7.2,82,92%,82%,106,2015,"Biography, Drama",James Ponsoldt,"Donald Margulies, David Lipsky",,,,,"The story of the five-day interview between Rolling Stone reporter David Lipsky and acclaimed novelist David Foster Wallace, which took place right after the 1996 publication of Wallace's groundbreaking epic novel, 'Infinite Jest.'",R,United States,"$3,002,884",,,
Dark Places,6.2,39,23%,33%,113,2015,"Crime, Drama, Mystery",Gilles Paquet-Brenner,"Gilles Paquet-Brenner, Gillian Flynn",,,,,"Libby Day was only eight years old when her family was brutally murdered in their rural Kansas farmhouse. Almost thirty years later, she reluctantly agrees to revisit the crime and uncovers the wrenching truths that led up to that...",R,"United States, United Kingdom, France","$208,588",,,
Mississippi Grind,6.4,77,91%,55%,108,2015,"Comedy, Drama","Anna Boden, Ryan Fleck","Anna Boden, Ryan Fleck",,,,,"Down on his luck and facing financial hardship, Gerry teams up with younger charismatic poker player, Curtis, in an attempt to change his luck. The two set off on a road trip through the South with visions of winning back what's b...",R,United States,"$130,541",,,
Room,8.1,86,93%,93%,118,2015,"Drama, Thriller",Lenny Abrahamson,Emma Donoghue,,,,,"A little boy is held captive in a room with his mother since his birth, so he has never known the world outside.",R,"Ireland, Canada, United Kingdom, United States","$14,677,654",,,
Mojave,5.2,41,31%,30%,93,2015,"Action, Adventure, Crime",William Monahan,William Monahan,,,,,"A suicidal artist goes into the desert, where he finds his doppelgänger, a homicidal drifter.",R,United States,"$8,253",,,
The WItch,7,84,91%,61%,92,2015,"Drama, Fantasy, Horror",Robert Eggers,Robert Eggers,,,,,An isolated Puritan family in 1630s New England comes unraveled by the forces of witchcraft and possession.,R,"United States, Canada, United Kingdom","$25,138,705",,,
Remember,7.5,52,68%,79%,94,2015,"Drama, Mystery, Thriller",Atom Egoyan,Benjamin August,,,,,"With the aid of a fellow Auschwitz survivor and a hand-written letter, an elderly man with dementia goes in search of the person he believes to be responsible for the death of his family in the death camp to kill him himself.",R,"Canada, Mexico, Germany, South Africa","$1,184,564",,,
Krisha,7.1,86,95%,77%,83,2015,Drama,Trey Edward Shults,Trey Edward Shults,,,,,"Krisha returns for Thanksgiving dinner after ten years away from her family, but past demons threaten to ruin the festivities.",R,United States,"$144,822",,,
Green Room,7,79,90%,75%,95,2015,"Crime, Horror, Music",Jeremy Saulnier,Jeremy Saulnier,,,,,A punk rock band is forced to fight for survival after witnessing a murder at a neo-Nazi skinhead bar.,R,United States,"$3,220,371",,,
The Adderall Diaries,5.1,42,26%,26%,87,2015,"Crime, Drama, Mystery",Pamela Romanowsky,"Pamela Romanowsky, Stephen Elliott",,,,,"Elliot, a troubled former successful writer decides to write about a missing wife and the following murder trial of her husband.",R,United States,"$13,191",,,
The Lobster,7.1,82,88%,65%,119,2015,"Drama, Romance, Sci-Fi",Yorgos Lanthimos,"Yorgos Lanthimos, Efthimis Filippou",,,,,"In a dystopian near future, according to the laws of The City, single people are taken to The Hotel, where they are obliged to find a romantic partner in 45 days or they're transformed into beasts and sent off into The Woods.",R,"Ireland, United Kingdom, Greece, France, Netherlands, United States, Belgium","$9,077,245",,,
De Palma,7.4,83,95%,85%,110,2015,"Documentary, Biography","Noah Baumbach, Jake Paltrow",N/A,,,,,A documentary about writer and director Brian De Palma.,R,United States,"$165,237",,,
Swiss Army Man,6.9,64,73%,72%,97,2016,"Comedy, Drama, Fantasy","Daniel Kwan, Daniel Scheinert","Daniel Scheinert, Daniel Kwan",,,,,"A hopeless man stranded on a deserted island befriends a dead body, and together they go on a surreal journey to get home.",R,United States,"$4,210,454",,,
Equals,6,43,36%,43%,101,2015,"Drama, Romance, Sci-Fi",Drake Doremus,"Nathan Parker, Drake Doremus",,,,,"In an emotionless utopia, two people fall in love when they regain their feelings from a mysterious disease, causing tensions between them and their society.",PG-13,"United States, Indonesia","$33,258",,,
Into The Forest,5.8,59,76%,43%,101,2015,"Drama, Sci-Fi, Thriller",Patricia Rozema,"Patricia Rozema, Jean Hegland",,,,,"After a massive power outage, two sisters learn to survive on their own in their isolated woodland home.",R,Canada,"$9,995",,,
Morris From America,6.3,75,87%,60%,91,2016,"Comedy, Drama, Romance",Chad Hartigan,Chad Hartigan,,,,,The romantic and coming-of-age misadventures of a 13-year-old American living in Germany.,R,"Germany, United States","$91,151",,,
The Sea Of Trees,6.1,23,17%,44%,110,2015,"Drama, Fantasy, Mystery",Gus Van Sant,Chris Sparling,,,,,A suicidal American befriends a Japanese man lost in a forest near Mt. Fuji and the two search for a way out.,PG-13,United States,"$20,444",,,
American Honey,7,80,79%,63%,163,2016,"Adventure, Drama, Romance",Andrea Arnold,"Andrea Arnold, Ian Urbina",,,,,"A teenage girl with nothing to lose joins a traveling magazine sales crew, and gets caught up in a whirlwind of hard partying, law bending and young love as she criss-crosses the Midwest with a band of misfits.",R,"United Kingdom, United States","$663,246",,,
Moonlight,7.4,99,98%,79%,111,2016,Drama,Barry Jenkins,"Barry Jenkins, Tarell Alvin McCraney",,,,,"A young African-American man grapples with his identity and sexuality while experiencing the everyday struggles of childhood, adolescence, and burgeoning adulthood.",R,United States,"$27,854,932",,,
Oasis: Supersonic,7.8,71,84%,86%,122,2016,"Documentary, Biography, Music",Mat Whitecross,N/A,,,,,Oasis's breakthrough years documented into a detailed depiction of the infamous brothers from Manchester forming the band in the early '90s leading up to the legendary performance at Knebworth.,R,United Kingdom,"$242,867",,,
The Monster,5.4,69,81%,40%,91,2016,"Drama, Fantasy, Horror",Bryan Bertino,Bryan Bertino,,,,,A mother and daughter must confront a terrifying monster when they break down on a deserted road.,R,"United States, Canada","$12,544",,,
20th Century Women,7.3,83,88%,74%,119,2016,"Comedy, Drama",Mike Mills,Mike Mills,,,,,"In 1979 Santa Barbara, Dorothea is a determined single mother who is raising her son, Jamie. Dorothea enlists the help of two women -- Abbie, a free-spirited punk artist and Julie, a savvy teenager -- to help with Jamie's upbringing.",R,United States,"$5,664,764",,,
Trespass Against Us,5.8,50,56%,26%,99,2016,"Action, Crime, Drama",Adam Smith,Alastair Siddons,,,,,A man looks to find a way to escape the criminal ways of his outlaw family.,R,United Kingdom,"$5,711",,,
The Blackcoat's Daughter,5.9,68,77%,52%,93,2015,"Horror, Mystery, Thriller",Osgood Perkins,Osgood Perkins,,,,,"During winter break, two students stay in an all-girls boarding school in the company of a terrifying presence.",R,"Canada, United States","$20,435",,,
Free Fire,6.3,63,70%,52%,91,2016,"Action, Comedy, Crime",Ben Wheatley,"Amy Jump, Ben Wheatley",,,,,"Set in Boston in 1978, a meeting in a deserted warehouse between two gangs turns into a shoot-out and a game of survival.",R,United Kingdom,"$1,799,312",,,
The Lovers,6.1,76,81%,42%,97,2017,"Comedy, Drama, Romance",Azazel Jacobs,Azazel Jacobs,,,,,"Debra Winger and Tracy Letts play a long-married, dispassionate couple who are both in the midst of serious affairs. But on the brink of calling it quits, a spark between them suddenly reignites, leading them into an impulsive rom...",R,United States,"$2,194,521",,,
The Exception,6.8,60,75%,67%,107,2016,"Drama, History, Romance",David Leveaux,"Simon Burke, Alan Judd",,,,,"A German soldier tries to determine if the Dutch resistance has planted a spy to infiltrate the home of Kaiser Wilhelm in Holland during the onset of World War II, but falls for a young Jewish Dutch woman during his investigation.",R,"United Kingdom, United States, Germany, Belgium, Switzerland","$708,973",,,
It Comes At Night,6.1,78,88%,44%,91,2017,"Drama, Horror, Mystery",Trey Edward Shults,Trey Edward Shults,,,,,"Secure within a desolate home as an unnatural threat terrorizes the world, a man has established a tenuous domestic order with his wife and son. Then a desperate young family arrives seeking refuge.",R,United States,"$13,985,117",,,
A Ghost Story,6.8,84,91%,67%,92,2017,"Drama, Fantasy, Mystery",David Lowery,David Lowery,,,,,"In this singular exploration of legacy, love, loss, and the enormity of existence, a recently deceased, white-sheeted ghost returns to his suburban home to try to reconnect with his bereft wife.",R,United States,"$1,596,371",,,
Menashe,6.6,81,95%,65%,82,2017,Drama,Joshua Z Weinstein,"Joshua Z Weinstein, Alex Lipschultz, Musa Syeed",,,,,"Within Brooklyn's ultra-orthodox Jewish community, a widower battles for custody of his son. A tender drama performed entirely in Yiddish, the film intimately explores the nature of faith and the price of parenthood.",PG,"United States, Israel","$1,703,036",,,
Good Time,7.3,80,91%,82%,102,2017,"Crime, Drama, Thriller","Benny Safdie, Josh Safdie","Ronald Bronstein, Josh Safdie",,,,,"After a botched bank robbery lands his younger brother in prison, Connie Nikas embarks on a twisted odyssey through New York City's underworld to get his brother Nick out of jail.",R,United States,"$2,026,499",,,
Woodshock,4.2,39,27%,24%,100,2017,"Drama, Fantasy, Mystery","Kate Mulleavy, Laura Mulleavy","Kate Mulleavy, Laura Mulleavy",,,,,"A woman, consumed by profound grief after a personal loss, aided by a potent drug meant for the terminally ill, delves into her psyche for solace set in the hauntingly beautiful redwood forests.",R,United States,"$42,603",,,
The Florida Project,7.6,92,96%,81%,111,2017,Drama,Sean Baker,"Sean Baker, Chris Bergoch",,,,,A single mother and the manager of a roadside motel do their utmost to maintain the innocence of a six-year-old girl's life.,R,United States,"$5,904,366",,,
The Killing Of A Sacred Deer,7,73,79%,63%,121,2017,"Drama, Horror, Mystery",Yorgos Lanthimos,"Yorgos Lanthimos, Efthimis Filippou",,,,,"Steven, a charismatic surgeon, is forced to make an unthinkable sacrifice after his life starts to fall apart, when the behavior of a teenage boy he has taken under his wing turns sinister.",R,"Ireland, United Kingdom, United States","$2,291,901",,,
Lady Bird,7.4,93,99%,79%,94,2017,"Comedy, Drama",Greta Gerwig,Greta Gerwig,,,,,"A fiercely independent teenager tries to make her own way in the world while wanting to get out of her hometown of Sacramento, California and to get away from her complicated mother and recently-unemployed father.",R,United States,"$48,958,273",,,
The Disaster Artist,7.3,76,91%,85%,104,2017,"Biography, Comedy, Drama",James Franco,"Scott Neustadter, Michael H. Weber, Greg Sestero",,,,,"When aspiring actor Greg Sestero meets the weird and mysterious Tommy Wiseau in an acting class, they form a unique friendship and travel to Hollywood to make their dreams come true.",R,United States,"$21,120,616",,,
The Ballad Of Lefty Brown,6.3,64,79%,55%,111,2017,"Action, Drama, Western",Jared Moshe,Jared Moshe,,,,,"A thrilling and action-packed Western, The Ballad of Lefty Brown is a story about loyalty, friendship, and the relentless pursuit of justice.",R,United States,"$7,856",,,
The Vanishing Of Sidney Hall,6.8,18,12%,77%,119,2017,"Drama, Mystery, Romance",Shawn Christensen,"Shawn Christensen, Jason Dolan",,,,,"Sidney Hall finds accidental success and unexpected love at an early age, then disappears without a trace.",R,United States,N/A,,,
The Last Movie Star,7,46,61%,73%,94,2017,Drama,Adam Rifkin,Adam Rifkin,,,,,"An aging former movie star is forced to face the reality that his glory days are behind him. On its surface, the film is a tale about faded fame. At its core, it's a universal story about growing old.",R,United States,"$14,410",,,
Lean On Pete,7.1,80,90%,75%,121,2017,"Adventure, Drama, Sport",Andrew Haigh,"Andrew Haigh, Willy Vlautin",,,,,"A teenager gets a summer job working for a horse trainer and befriends the fading racehorse, Lean on Pete.",R,United Kingdom,"$1,163,056",,,
Backstabbing For Beginners,6.3,48,41%,51%,108,2018,"Drama, History, Mystery",Per Fly,"Per Fly, Daniel Pyne, Michael Soussan",,,,,A young program coordinator at the United Nations stumbles upon a conspiracy involving Iraq's oil reserves.,R,"Denmark, Canada, United States",N/A,,,
First Reformed,7.1,86,94%,69%,113,2017,"Drama, Mystery, Thriller",Paul Schrader,Paul Schrader,,,,,"A minister of a small congregation in upstate New York grapples with mounting despair brought on by tragedy, worldly concerns and a tormented past.",R,"United States, United Kingdom, Australia","$3,448,256",,,
How To Talk To Girls At Parties,5.7,50,47%,39%,102,2017,"Comedy, Music, Romance",John Cameron Mitchell,"Philippa Goslett, John Cameron Mitchell, Neil Gaiman",,,,,An alien touring the galaxy breaks away from her group and meets two young inhabitants of the most dangerous place in the universe: the London borough of Croydon.,R,"United Kingdom, United States","$84,809",,,
Hereditary,7.3,87,90%,71%,127,2018,"Drama, Horror, Mystery",Ari Aster,Ari Aster,,,,,A grieving family is haunted by tragic and disturbing occurrences.,R,United States,"$44,069,456",,,
Woman Walks Ahead,6.7,51,59%,62%,101,2017,"Biography, Drama, History",Susanna White,Steven Knight,,,,,"Catherine Weldon, a portrait painter from 1890s Brooklyn, travels to Dakota to paint a portrait of Sitting Bull and becomes embroiled in the Lakota peoples' struggle over the rights to their land.",R,United States,"$57,528",,,
Eight Grade,7.3,85,99%,82%,93,2018,"Comedy, Drama",Bo Burnham,,,,,,,,,,,,
Hot Summer Nights,6.4,44,46%,59%,107,2017,"Crime, Drama, Romance",Elijah Bynum,Elijah Bynum,,,,,"In 1991, a sheltered teenage boy comes of age during a wild summer he spends on Cape Cod getting rich from selling pot to gangsters, falling in love for the first time, partying and eventually realizing that he is in over his head.",R,United States,N/A,,,
Never Goin' Back,6.1,62,76%,66%,85,2018,"Comedy, Crime, Drama",Augustine Frizzell,Augustine Frizzell,,,,,"Jessie and Angela, high school dropouts, are taking a week off to chill at the beach. Too bad their house got robbed, rent's due, they're about to get fired, and they're broke.",R,United States,"$61,271",,,
A Prayer Before Dawn,6.8,76,92%,75%,116,2017,"Action, Biography, Crime",Jean-Stéphane Sauvaire,"Billy Moore, Jonathan Hirschbein, Nick Saltrese",,,,,The true story of an English boxer incarcerated in one of Thailand's most notorious prisons as he fights in Muay Thai tournaments to earn his freedom.,R,"United Kingdom, France, China, Cambodia, United States, Germany","$14,453",,,
Slice,4.5,61,52%,34%,83,2018,"Comedy, Crime, Fantasy",Austin Vesely,Austin Vesely,,,,,"When a pizza delivery driver is murdered on the job, the city searches for someone to blame: Ghosts? Drug dealers? A disgraced werewolf?",R,United States,N/A,,,
The Children Act,6.7,62,74%,64%,105,2017,Drama,Richard Eyre,Ian McEwan,,,,,"As her marriage crumbles, a judge must decide a case involving a teenage boy who is refusing a blood transfusion on religious principle.",R,"United Kingdom, United States","$547,750",,,
Mid90s,7.4,66,81%,81%,85,2018,"Comedy, Drama",Jonah Hill,Jonah Hill,,,,,"Follows Stevie, a thirteen-year-old in 1990s-era Los Angeles who spends his summer navigating between his troubled home life and a group of new friends that he meets at a Motor Avenue skate shop.",R,United States,"$7,362,439",,,
Outlaws,5.3,24,33%,36%,92,2017,"Crime, Drama, Thriller",Stephen McCallum,Matt Nable,,,,,1% is set within the primal underworld of outlaw motorcycle club gangs. It follows the heir to the throne of a motorcycle club who has to betray his president to save his brother's life.,R,Australia,N/A,,,
The Hole In The Ground,5.6,63,83%,48%,90,2019,"Drama, Horror, Mystery",Lee Cronin,"Lee Cronin, Stephen Shields",,,,,"A single mother living in the Irish countryside with her son begins to suspect he may not be her son at all, and fears his increasingly disturbing behavior is linked to a mysterious sinkhole in the forest behind their house.",R,"Ireland, United Kingdom, Belgium, Finland","$21,072",,,
Climax,6.9,69,69%,65%,97,2018,"Drama, Horror, Music",Gaspar Noé,Gaspar Noé,,,,,"French dancers gather in a remote, empty school building to rehearse on a wintry night. The all-night celebration morphs into a hallucinatory nightmare when they learn their sangria is laced with LSD.",R,"France, Belgium","$817,339",,,
Gloria Bell,6.3,78,90%,47%,102,2018,"Comedy, Drama, Music",Sebastián Lelio,"Alice Johnson Boher, Sebastián Lelio, Gonzalo Maza",,,,,A free-spirited woman in her 50s seeks out love at L.A. dance clubs.,R,"Chile, United States","$5,611,123",,,
High Life,5.7,78,83%,42%,113,2018,"Drama, Horror, Sci-Fi",Claire Denis,"Claire Denis, Jean-Pol Fargeau, Geoff Cox",,,,,A father and his daughter struggle to survive in deep space where they live in isolation.,R,"France, United Kingdom, Germany, Poland, United States","$1,225,852",,,
Native Son,5.7,63,62%,48%,104,2019,Drama,Rashid Johnson,"Suzan-Lori Parks, Richard Wright",,,,,A young African-American living in Chicago enters into a seductive new world of money and power after he is hired as a chauffeur for an affluent businessman.,TV-MA,United States,N/A,,,
Under The Silver Lake,6.5,60,58%,59%,139,2018,"Crime, Drama, Mystery",David Robert Mitchell,David Robert Mitchell,,,,,"Sam, a disenchanted young man, finds a mysterious woman swimming in his apartment's pool one night. The next morning, she disappears. Sam sets off across LA to find her, and along the way he uncovers a conspiracy far more bizarre.",R,United States,"$46,083",,,
The Souvenir,6.4,92,90%,37%,120,2019,"Drama, Romance",Joanna Hogg,Joanna Hogg,,,,,A young film student in the early '80s becomes romantically involved with a complicated and untrustworthy man.,R,"United Kingdom, United States","$1,036,737",,,
The Last Black Man In San Francisco,7.3,83,93%,84%,121,2019,Drama,Joe Talbot,"Jimmie Fails, Joe Talbot, Rob Richert",,,,,A young man searches for home in the changing city that seems to have left him behind.,R,United States,"$4,515,719",,,
Midsommar,7.1,72,83%,63%,148,2019,"Drama, Horror, Mystery",Ari Aster,Ari Aster,,,,,A couple travels to Northern Europe to visit a rural hometown's fabled Swedish mid-summer festival. What begins as an idyllic retreat quickly devolves into an increasingly violent and bizarre competition at the hands of a pagan cult.,R,"United States, Sweden","$27,426,361",,,
The Farewell,7.5,89,97%,87%,100,2019,"Comedy, Drama",Lulu Wang,Lulu Wang,,,,,"A Chinese family discovers their grandmother has only a short while left to live and decide to keep her in the dark, scheduling a wedding to gather before she dies.",PG,"United States, China","$17,695,781",,,
Skin,6.8,58,76%,82%,118,2018,"Biography, Crime, Drama",Guy Nattiv,Guy Nattiv,,,,,"A destitute young man, raised by racist skinheads and notorious among white supremacists, turns his back on hatred and violence to transform his life, with the help of a black activist and the woman he loves.",R,"United States, Canada, Brazil, China",N/A,,,
Share,5.6,73,83%,34%,87,2019,"Crime, Drama, Mystery",Pippa Bianco,Pippa Bianco,,,,,"After discovering a disturbing video from a night she doesn't remember, sixteen-year-old Mandy must try to figure out what happened and how to navigate the escalating fallout.",R,United States,N/A,,,
The Death Of Dick Long,6.4,69,75%,86%,100,2019,"Comedy, Crime, Drama",Daniel Scheinert,Billy Chew,,,,,"Dick died last night, and Zeke and Earl don't want anybody finding out how. That's too bad though, cause news travels fast in small-town Alabama.",R,United States,"$36,856",,,
Low Tide,6.3,64,72%,65%,86,2019,"Drama, Thriller",Kevin McMullin,Kevin McMullin,,,,,"When teenager Alan and his younger brother find a bag of gold coins in a dead man's island home, they try to hide it from their friends, but one of them, suspicious and violently unpredictable, is willing to do anything to get the...",R,United States,N/A,,,
The Lighthouse,7.4,83,90%,72%,109,2019,"Drama, Fantasy, Horror",Robert Eggers,"Robert Eggers, Max Eggers",,,,,Two lighthouse keepers try to maintain their sanity while living on a remote and mysterious New England island in the 1890s.,R,"Canada, United States","$10,867,104",,,
The Elephant Queen,7.8,69,91%,88%,96,2018,"Documentary, Family","Mark Deeble, Victoria Stone",Mark Deeble,,,,,"Athena is a mother who will do everything in her power to protect her herd when they are forced to leave their waterhole. This epic journey, narrated by Chiwetel Ejiofor, takes audiences across the African savannah, and into the h...",PG,United Kingdom,N/A,,,
The Kill Team,6,60,69%,41%,87,2019,"Action, Biography, Drama",Dan Krauss,Dan Krauss,,,,,A young American soldier in Afghanistan is disturbed by his commanding officer's behavior and is faced with a moral dilemma.,R,"United Kingdom, Spain, United States",N/A,,,
Waves,7.5,80,84%,81%,135,2019,"Drama, Romance, Sport",Trey Edward Shults,Trey Edward Shults,,,,,"Traces the journey of a suburban family - led by a well-intentioned but domineering father - as they navigate love, forgiveness, and coming together in the aftermath of a loss.",R,"United States, Canada","$1,658,790",,,
In Fabric,6.2,81,92%,53%,118,2018,"Comedy, Drama, Fantasy",Peter Strickland,Peter Strickland,,,,,"In Fabric is a haunting ghost story set against the backdrop of a busy winter sales period in a department store and follows the life of a cursed dress as it passes from person to person, with devastating consequences.",R,United Kingdom,N/A,,,
Uncut Gems,7.4,93,91%,52%,135,2019,"Crime, Drama, Thriller","Benny Safdie, Josh Safdie","Ronald Bronstein, Josh Safdie, Benny Safdie",,,,,"With his debts mounting and angry collectors closing in, a fast-talking New York City jeweler risks everything in hope of staying afloat and alive.",R,United States,"$50,023,780",,,
First Cow,7.1,90,96%,65%,122,2019,"Drama, Western",Kelly Reichardt,"Jonathan Raymond, Kelly Reichardt",,,,,"A skilled cook has traveled west and joined a group of fur trappers in Oregon, though he only finds true connection with a Chinese immigrant also seeking his fortune. Soon the two collaborate on a successful business.",PG-13,United States,"$101,068",,,
Boys State,7.6,84,95%,91%,109,2020,Documentary,"Amanda McBaine, Jesse Moss",N/A,,,,,A thousand 17-year-old boys from Texas join together to build a representative government from the ground up.,PG-13,United States,N/A,,,
On The Rocks,6.4,73,87%,50%,96,2020,"Comedy, Drama, Romance",Sofia Coppola,Sofia Coppola,,,,,A young mother reconnects with her larger-than-life playboy father on an adventure through New York.,R,United States,N/A,,,
Saint Maud,6.7,83,92%,68%,84,2019,"Drama, Horror, Mystery",Rose Glass,Rose Glass,,,,,A pious nurse becomes dangerously obsessed with saving the soul of her dying patient.,R,United Kingdom,N/A,,,
Minari,7.4,89,98%,92%,115,2020,Drama,Lee Isaac Chung,Lee Isaac Chung,,,,,"A Korean American family moves to an Arkansas farm in search of its own American dream. Amidst the challenges of new life in the strange and rugged Ozarks, they discover the undeniable resilience of family and what really makes a ...",PG-13,United States,"$3,110,580",,,
False Positive,4.6,54,46%,19%,92,2021,"Horror, Mystery, Thriller",John Lee,"John Lee, Alissa Nutting, Ilana Glazer",,,,,"As if getting pregnant weren't complicated enough, Lucy sets out to uncover the unsettling truth about her fertility doctor.",R,United States,N/A,,,
Zola,6.4,76,88%,68%,86,2020,"Comedy, Crime, Drama",Janicza Bravo,"Janicza Bravo, Jeremy O. Harris, A'Ziah King",,,,,A stripper named Zola embarks on a wild road trip to Florida.,R,United States,"$4,844,399",,,
Val,7.5,73,93%,89%,109,2021,"Documentary, Biography","Ting Poo, Leo Scott",N/A,,,,,"A documentary centering on the daily life of actor Val Kilmer, featuring never-before-seen footage spanning 40 years.",R,United States,N/A,,,
The Green Knight,6.6,85,89%,50%,130,2021,"Adventure, Drama, Fantasy",David Lowery,"David Lowery, The Gawain Poet",,,,,A fantasy retelling of the medieval story of Sir Gawain and the Green Knight.,R,"United States, Canada, Ireland","$17,173,321",,,
Lamb,6.3,68,86%,61%,106,2021,"Drama, Fantasy, Horror",Valdimar Jóhannsson,"Sjón, Valdimar Jóhannsson",,,,,A childless couple discovers a mysterious newborn on their farm in Iceland.,R,"Iceland, Sweden, Poland, United States","$2,676,410",,,
The Souvenir Part II,7.1,90,90%,86%,107,2021,"Drama, Romance",Joanna Hogg,Joanna Hogg,,,,,"In the aftermath of her tumultuous relationship, Julie begins to untangle her fraught love for him in making her graduation film, sorting fact from his elaborately constructed fiction.",R,"United Kingdom, Ireland, United States","$98,929",,,
C'mon C'mon,7.4,82,94%,77%,109,2021,Drama,Mike Mills,Mike Mills,,,,,"When his sister asks him to look after her son, a radio journalist embarks on a cross-country trip with his energetic nephew to show him life away from Los Angeles.",R,United States,"$1,863,674",,,
The Humans,6.1,78,92%,45%,108,2021,Drama,Stephen Karam,Stephen Karam,,,,,"During one evening, the Blake family gathers to celebrate Thanksgiving in a broken-down flat newly rented by the daughter and her new man. As the darkness falls, we find that all have less to be thankful about.",R,United States,N/A,,,
Red Rocket,7.1,76,90%,75%,130,2021,"Comedy, Drama",Sean Baker,"Sean Baker, Chris Bergoch",,,,,Washed-up porn star Mikey Saber returns to his small Texas hometown where nobody really wants him back.,R,United States,"$1,023,086",,,
The Tragedy Of Macbeth,7.1,87,93%,74%,105,2021,"Drama, Mystery, Thriller",Joel Coen,"Joel Coen, William Shakespeare",,,,,"A Scottish lord becomes convinced by a trio of witches that he will become the next King of Scotland, and his ambitious wife supports him in his plans of seizing power.",R,United States,N/A,,,
The Sky Is Everywhere,5.6,66,64%,59%,103,2022,"Drama, Music, Romance",Josephine Decker,Jandy Nelson,,,,,"A shy, teenage musician tries to keep things together in the aftermath of her older, more outgoing sister's death.",PG-13,United States,N/A,,,
After Yang,6.6,78,89%,68%,96,2021,"Drama, Sci-Fi",Kogonada,"Alexander Weinstein, Kogonada",,,,,"In a near future, a family reckons with questions of love, connection, and loss after their A.I. helper unexpectedly breaks down.",PG,United States,"$46,872",,,
X,6.5,80,94%,76%,105,2022,"Horror, Mystery, Thriller",Ti West,Ti West,,,,,"In 1979, a group of young filmmakers set out to make an adult film in a rural Texas farm, but when their reclusive, elderly hosts catch them in the act, the crew find themselves fighting for their lives.",R,"United States, New Zealand","$11,769,469",,,
Everything Everywhere All At Once,7.8,81,94%,79%,139,2022,"Action, Adventure, Comedy","Daniel Kwan, Daniel Scheinert","Daniel Kwan, Daniel Scheinert",,,,,A middle-aged Chinese immigrant is swept up into an insane adventure in which she alone can save existence by exploring other universes and connecting with the lives she could have led.,R,United States,"$77,191,785",,,
Men,6,65,69%,40%,100,2022,"Drama, Fantasy, Horror",Alex Garland,Alex Garland,,,,,A young woman goes on a solo vacation to the English countryside following the death of her ex-husband.,R,"United Kingdom, United States","$7,587,853",,,
Elizabeth: A Portrait In Parts,5.9,64,88%,56%,89,2022,"Documentary, Biography, History",Roger Michell,,,,,,,,,,,,
Marcel The Shell With Shoes On,7.6,80,98%,90%,90,2021,"Animation, Comedy, Drama",Dean Fleischer Camp,"Dean Fleischer Camp, Jenny Slate, Nick Paley",,,,,A cash-strapped documentary maker decides to make his newest documentary about a mollusk shell he finds living in his Airbnb with his friends.,PG,United States,"$6,333,702",,,
Bodies Bodies Bodies,6.2,69,86%,69%,94,2022,"Comedy, Horror, Mystery",Halina Reijn,"Sarah DeLappe, Kristen Roupenian",,,,,"When a group of rich 20-somethings plan a hurricane party at a remote family mansion, a party game turns deadly.",R,"United States, France","$11,446,602",,,
Funny Pages,6.2,73,82%,51%,86,2022,Comedy,Owen Kline,Owen Kline,,,,,A bitingly funny coming-of-age story of a teenage cartoonist who rejects the comforts of his suburban life in a misguided quest for soul.,R,United States,N/A,,,
Pearl,7,76,93%,83%,103,2022,"Drama, Horror, Thriller",Ti West,"Ti West, Mia Goth",,,,,"In 1918, a young woman on the brink of madness pursues stardom in a desperate attempt to escape the drudgery, isolation, and lovelessness of life on her parents' farm.",R,"United States, New Zealand","$9,423,445",,,
Instinct,6,66,80%,56%,98,2019,"Drama, Mystery, Thriller",Halina Reijn,"Esther Gerritsen, Halina Reijn",,,,,"In spite of her expertise and experience, a seasoned psychologist is completely infatuated by the sex offender she is treating in a penal institution.",Not Rated,Netherlands,N/A,,,
God's Creatures,6,69,90%,56%,100,2022,Drama,"Saela Davis, Anna Rose Holmer","Shane Crowley, Fodhla Cronin O'Reilly",,,,,"In a windswept fishing village, a mother is torn between protecting her beloved son and her own sense of right and wrong. A lie she tells for him rips apart their family and close-knit community.",R,"Ireland, United Kingdom, United States","$45,849",,,
Stars At Noon,5.5,64,62%,14%,135,2022,"Drama, Romance, Thriller",Claire Denis,"Denis Johnson, Claire Denis, Léa Mysius",,,,,"A young American journalist stranded in present-day Nicaragua falls for an enigmatic Englishman who seems like her best chance of escape. She soon realizes, however, that he may be in even greater danger than she is.",R,"France, Panama, United States",N/A,,,
Aftersun,7.6,95,95%,82%,102,2022,Drama,Charlotte Wells,Charlotte Wells,,,,,Sophie reflects on the shared joy and private melancholy of a holiday she took with her father twenty years earlier. Memories real and imagined fill the gaps between as she tries to reconcile the father she knew with the man she d...,R,"United Kingdom, United States, Turkey, Philippines, Netherlands","$1,658,790",,,
Causeway,6.6,66,84%,71%,94,2022,Drama,Lila Neugebauer,"Ottessa Moshfegh, Luke Goebel, Elizabeth Sanders",,,,,A US soldier suffers a traumatic brain injury while fighting in Afghanistan and struggles to adjust to life back home.,R,"United States, Finland",N/A,,,
The Inspection,6.7,73,88%,91%,95,2022,Drama,Elegance Bratton,Elegance Bratton,,,,,"A young, gay Black man, rejected by his mother and with few options for his future, decides to join the Marines, doing whatever it takes to succeed in a system that would cast him aside.",R,United States,"$390,429",,,
White Noise,5.7,66,64%,33%,136,2022,"Comedy, Drama, Horror",Noah Baumbach,"Noah Baumbach, Don DeLillo",,,,,"Dramatizes a contemporary American family's attempts to deal with the mundane conflicts of everyday life while grappling with the universal mysteries of love, death, and the possibility of happiness in an uncertain world.",R,"United States, United Kingdom",N/A,,,
Close,7.8,81,91%,89%,104,2022,Drama,Lukas Dhont,"Lukas Dhont, Angelo Tijssens",,,,,"The intense friendship between two thirteen-year old boys Leo and Remi suddenly gets disrupted. Struggling to understand what has happened, Léo approaches Sophie, Rémi's mother. ""Close"" is a film about friendship and responsibility.",PG-13,"Belgium, Netherlands, France","$1,100,113",,,
The Eternal Daughter,5.9,80,95%,44%,96,2022,"Drama, Mystery",Joanna Hogg,Joanna Hogg,,,,,"Returning to a hotel now haunted by its mysterious past, an artist and her elderly mother confront long-buried secrets in their former family home.",PG-13,"United Kingdom, Ireland, United States","$86,490",,,
The Whale,7.6,60,64%,91%,117,2022,Drama,Darren Aronofsky,Samuel D. Hunter,,,,,"A reclusive, morbidly obese English teacher attempts to reconnect with his estranged teenage daughter.",R,United States,"$17,463,630",,,
This Place Rules,7.2,,100%,94%,82,2022,"Documentary, Crime, History",Andrew Callaghan,Andrew Callaghan,,,,,"Follows events and characters surrounding the January 6th, 2021 insurrection of the U.S. Capital Building in the days preceding the attack.",TV-MA,United States,N/A,,,
When You Finish Saving The World,5.6,61,63%,73%,88,2022,"Comedy, Drama",Jesse Eisenberg,Jesse Eisenberg,,,,,"Evelyn and her oblivious son Ziggy seek out replacements for each other as Evelyn desperately tries to parent an unassuming teenager at her shelter, while Ziggy fumbles through his pursuit of a brilliant young woman at school.",R,United States,"$196,920",,,
Sharper,6.7,65,68%,73%,116,2023,"Crime, Drama, Thriller",Benjamin Caron,"Brian Gatewood, Alessandro Tanaka",,,,,Motivations are suspect and expectations are turned to chaos as a con artist takes on Manhattan billionaires.,R,United States,N/A,,,
Showing Up,6.3,86,89%,48%,107,2022,"Comedy, Drama",Kelly Reichardt,"Jonathan Raymond, Kelly Reichardt",,,,,A sculptor preparing to open a new show tries to work amidst the daily dramas of family and friends.,R,United States,"$754,483",,,
Beau Is Afraid,6.7,63,68%,71%,179,2023,"Comedy, Drama, Horror",Ari Aster,Ari Aster,,,,,"Following the sudden death of his mother, a mild-mannered but anxiety-ridden man confronts his darkest fears as he embarks on an epic odyssey back home.",R,"United States, United Kingdom, Finland, Canada","$8,176,562",,,
You Hurt My Feelings,6.5,80,94%,64%,93,2023,"Comedy, Drama, Romance",Nicole Holofcener,Nicole Holofcener,,,,,A novelist's longstanding marriage is suddenly upended when she overhears her husband giving his honest reaction to her latest book.,R,United States,"$4,830,788",,,
Past Lives,7.8,94,95%,93%,105,2023,"Drama, Romance",Celine Song,Celine Song,,,,,"Nora and Hae Sung, two deeply connected childhood friends, are wrested apart after Nora's family emigrates from South Korea. Twenty years later, they are reunited for one fateful week as they confront notions of love and destiny.",PG-13,"United States, South Korea","$11,185,625",,,
Earth Mama,6.6,84,97%,73%,101,2023,Drama,Savanah Leaf,Savanah Leaf,,,,,An intimate coming of age story of a pregnant single mother who embraces her Bay Area community as she determines the fate of her family.,R,"United Kingdom, United States",N/A,,,
The Deepest Breath,7.7,69,85%,93%,108,2023,"Documentary, Adventure, Sport",Laura McGann,Laura McGann,,,,,"A champion and expert safety diver seemed destined for one another. Despite different paths taken, they meet at the pinnacle of the free-diving world, experiencing the thrilling rewards and inescapable risks of chasing dreams thro...",PG,"Ireland, United Kingdom, United States",N/A,,,
Stephen Curry: Underrated,7.3,69,85%,87%,110,2023,"Documentary, Biography, Sport",Peter Nicks,N/A,,,,,"The coming-of-age story of Stephen Curry, from an undersized basketball player at a small college, to becoming a larger-than-life NBA superstar.",PG-13,United States,N/A,,,
Talk To Me,7.1,76,94%,83%,95,2022,"Horror, Thriller","Danny Philippou, Michael Philippou","Danny Philippou, Bill Hinzman, Daley Pearson",,,,,"When a group of friends discover how to conjure spirits using an embalmed hand, they become hooked on the new thrill, until one of them goes too far and unleashes terrifying supernatural forces.",R,"Australia, United Kingdom","$48,299,436",,,
Medusa Deluxe,6.1,,71%,49%,101,2022,"Drama, Mystery",Thomas Hardiman,Thomas Hardiman,,,,,"A murder mystery set in a competitive hairdressing contest. Extravagance and excess collide, as the death of a contestant sows seeds of division in a community whose passion for hair verges on obsession.",R,United Kingdom,N/A,,,
Dicks: The Musical,5.3,,68%,67%,86,2023,"Comedy, Musical",Larry Charles,"Aaron Jackson, Josh Sharp",,,,,A pair of business rivals discover that they're identical twins and decide to swap places in an attempt to trick their divorced parents to get back together.,R,United States,"$1,453,012",,,
Priscilla,6.5,79,84%,64%,113,2023,"Biography, Drama, Music",Sofia Coppola,"Priscilla Presley, Sandra Harmon, Sofia Coppola",,,,,"When teenage Priscilla Beaulieu meets Elvis Presley, the man who is already a meteoric rock-and-roll superstar becomes someone entirely unexpected in private moments: a thrilling crush, an ally in loneliness, a vulnerable best fri...",R,"Italy, United States","$20,960,939",,,
All Dirt Roads Taste Of Salt,5.9,87,90%,60%,92,2023,Drama,Raven Jackson,Raven Jackson,21,6,,,A decades-spanning exploration of a woman's life in Mississippi.,PG,United States,"$52,084",,,
Dream Scenario,6.8,74,91%,69%,102,2023,"Comedy, Drama, Fantasy",Kristoffer Borgli,Kristoffer Borgli,,,,,An ordinary family man finds his life turned upside down when strangers suddenly start seeing him in their dreams.,R,"United States, Canada","$5,742,193",,,
The Zone Of Interest,7.3,92,93%,79%,105,2023,"Drama, History, War",Jonathan Glazer,"Jonathan Glazer, Martin Amis",,,,,Auschwitz commandant Rudolf Höss and his wife Hedwig strive to build a dream life for their family in a house and garden beside the camp.,PG-13,"United Kingdom, Poland, United States","$8,659,464",,,
The Iron Claw,7.6,73,89%,94%,132,2023,"Biography, Drama, Sport",Sean Durkin,Sean Durkin,,,,,"The true story of the inseparable Von Erich brothers, who made history in the intensely competitive world of professional wrestling in the early 1980s.",R,"United Kingdom, United States","$35,070,296",,,
Occupied City,6.6,76,72%,62%,266,2023,"Documentary, History, War",Steve McQueen,Bianca Stigter,6,3,,,"The past collides with the present in this excavation of the Nazi occupation of Amsterdam: a journey from World War II to recent years of pandemic and protest and a provocative, life-affirming reflection on memory, time and what's...",PG-13,"Netherlands, United Kingdom, United States",N/A,,,
My Mercury,6.9,,,,104,2024,Documentary,"Joëlle Chesselet, Pippa Ehrlich","Joëlle Chesselet, Jinx Godfrey",,,,,"A passionate conservationist makes a cruel pact to save endangered seabirds from extinction on an inhospitable island, alone. In the end, it's a victory for the birds, but at what price?",N/A,United Kingdom,N/A,,,
Open Wide,5.8,,,,108,2024,Documentary,Sara Goldblatt,N/A,,,,,John and Mike Mew's fringe orthodontic theories have found a passionate audience online-but now Mike must fight the establishment to keep his practice.,N/A,N/A,N/A,,,
Jerry Lee Lewis: Trouble In MInd,6.6,62,74%,67%,73,2022,"Documentary, Biography, Music",Ethan Coen,N/A,,,,,"An electrifying glimpse into the complex life and thrilling, unparalleled performances of rock and roll's first and wildest practitioner: Jerry Lee Lewis.",N/A,United States,N/A,,,
Problemista,6.8,68,86%,85%,104,2023,Comedy,Julio Torres,Julio Torres,18,3,,,"Alejandro is an aspiring toy designer from El Salvador struggling to bring his unusual ideas to life in NY. As time runs out on his work visa, a job assisting an erratic art-world outcast becomes his only hope to stay in the country.",R,United States,"$2,503,154",,,
Love Lies Bleeding,6.6,77,94%,81%,104,2024,"Action, Adventure, Crime",Rose Glass,"Rose Glass, Weronika Tofilska",,,,,"Reclusive gym manager Lou falls hard for Jackie, an ambitious bodybuilder headed through town to Vegas in pursuit of her dream. But their love ignites violence, pulling them deep into the web of Lou's criminal family.",R,"United Kingdom, United States","$8,335,797",,,
Civil War,7,75,81%,69%,109,2024,"Action, Thriller",Alex Garland,Alex Garland,64,7,,,"In a dystopian future, four journalists travel across the United States during a nation-wide conflict. While trying to survive, they aim to reach the White House to interview the president before he is overthrown.",R,"United States, United Kingdom, Finland","$68,756,072",,,
I Saw The TV Glow,5.8,86,84%,71%,100,2024,"Drama, Horror",Jane Schoenbrun,Jane Schoenbrun,95,12,,,A teenager just trying to make it through life in the suburbs is introduced by a classmate to a mysterious late-night TV show.,PG-13,"United States, United Kingdom","$5,017,817",,,
The Sixth,6.7,,100%,89%,106,2024,Documentary,"Sean Fine, Andrea Nix",Andrea Nix,1,,,,"The Sixth is a portrayal of a city and nation under siege as well as a testament to the importance of truth, told through the eyes of 6 unique individuals whose lives will be forever changed by the January 6th attack on the U.S. C...",N/A,United States,N/A,,,
Tuesday,6.3,69,76%,51%,110,2023,"Drama, Fantasy",Daina Oniunas-Pusic,Daina Oniunas-Pusic,4,,,,A mother and her teenage daughter must confront Death when it arrives in the form of an astonishing talking bird.,R,"United Kingdom, United States","$706,683",,,
Janet Planet,6.1,,85%,48%,113,2023,Drama,Annie Baker,Annie Baker,22,4,,,"In rural Western Massachusetts, 11-year-old Lacy spends the summer of 1991 at home, enthralled by her own imagination and the attention of her mother, Janet. As the months pass, three visitors enter their orbit, all captivated by ...",PG-13,"United States, United Kingdom","$793,638",,,
MaXXXine,6.3,64,72%,74%,103,2024,"Crime, Horror",Ti West,Ti West,6,,,,"In 1980s Hollywood, adult film star and aspiring actress Maxine Minx finally gets her big break. But as a mysterious killer stalks the starlets of Hollywood, a trail of blood threatens to reveal her sinister past.",R,"United States, United Kingdom, New Zealand","$15,097,632",,,
Sing Sing,7.7,83,97%,97%,107,2023,Drama,Greg Kwedar,"John H. Richardson, Brent Buell, Clint Bentley",202,69,3,,"Divine G, imprisoned at Sing Sing for a crime he didn't commit, finds purpose by acting in a theatre group alongside other incarcerated men in this story of resilience, humanity, and the transformative power of art.",R,United States,"$3,110,476",,,
The Front Room,4.6,49,41%,42%,94,2024,"Horror, Thriller","Max Eggers, Sam Eggers","Susan Hill, Max Eggers, Sam Eggers",,,,,"It tells the story of a newly pregnant couple who are forced to take in an ailing, estranged stepmother.",R,United States,"$3,092,269",,,
Look Into My Eyes,5.6,,91%,,105,2024,Documentary,Lana Wilson,Lana Wilson,4,1,,,A documentary through a series of intimate sessions with psychics and their clients.,R,United States,N/A,,,
A Different Man,6.9,78,93%,89%,112,2024,"Comedy, Drama, Thriller",Aaron Schimberg,Aaron Schimberg,60,10,1,,"An aspiring actor undergoes a radical medical procedure to drastically transform his appearance, but his new dream face quickly turns into a nightmare.",R,United States,"$654,254",,,
The Last Of The Sea Women,7,63,97%,,87,2024,Documentary,Sue Kim,N/A,3,5,,,"On the shores of Jeju Island, a fierce group of South Korean divers fights to save their vanishing culture from looming threats.",N/A,United States,N/A,,,"$1,994"
We Live In Time,7,59,79%,83%,108,2024,"Drama, Romance",John Crowley,Nick Payne,4,1,,,"After an unusual encounter, a talented chef and a recently divorcée fall in love and build the home and family they've always dreamed of, until a painful truth puts their love story to the test.",R,"United Kingdom, France","$24,690,031","$24,692,924","$232,615","$57,466,776"
Heretic,7,71,91%,76%,111,2024,"Horror, Thriller","Scott Beck, Bryan Woods","Scott Beck, Bryan Woods",30,,,,Two young religious women are drawn into a game of cat-and-mouse in the house of a strange man.,R,"United States, Canada","$27,986,380","$27,986,380","$10,829,810","$59,462,257"
Queer,6.5,72,77%,65%,137,2024,"Biography, Drama, History",Luca Guadagnino,"William S. Burroughs, Justin Kuritzkes",58,4,,,"In 1950s Mexico City, an American immigrant in his late forties leads a solitary life amidst a small American community. However, the arrival of a young student stirs the man into finally establishing a meaningful connection with ...",R,"Italy, United States","$3,736,813","$3,736,813","$200,951","$5,993,740"
Y2K,4.8,49,42%,52%,91,2024,"Comedy, Horror, Sci-Fi",Kyle Mooney,"Kyle Mooney, Evan Winter",1,,,,Two high school nobodies make the decision to crash the last major celebration before the new millennium on New Year's Eve 1999. The night becomes even crazier than they could have ever dreamed when the clock strikes midnight.,R,"United States, New Zealand","$4,446,596","$4,446,596","$2,113,923","$4,481,473"
The Brutalist,7.4,90,93%,80%,216,2024,Drama,Brady Corbet,"Brady Corbet, Mona Fastvold",344,136,,3,A visionary architect flees post-war Europe in 1947 for a brighter future in the United States and finds his life forever changed by a wealthy client.,R,"United States, United Kingdom, Canada","$16,279,129","$16,279,129","$266,791","$50,171,537"
Babygirl,6,79,76%,48%,114,2024,"Drama, Romance, Thriller",Halina Reijn,Halina Reijn,25,9,,,A high-powered CEO puts her career and family on the line when she begins a torrid affair with her much-younger intern.,R,"Netherlands, United States","$28,196,732","$28,196,732","$4,490,145","$64,560,672"
Parthenope,6.9,57,45%,61%,136,2024,"Drama, Fantasy",Paolo Sorrentino,Paolo Sorrentino,18,2,,,Partenope is a woman who bears the name of her city. Is she a siren or a myth?,R,"Italy, France",N/A,,,
On Becoming A Guinea Fowl,7,87,100%,83%,95,2024,"Comedy, Drama",Rungano Nyoni,Rungano Nyoni,13,7,,,"On an empty road in the middle of the night, Shula stumbles across the body of her uncle. As funeral proceedings begin around them, she and her cousins bring to light the buried secrets of their middle-class Zambian family.",N/A,"United Kingdom, Zambia, Ireland",N/A,,,
Opus,5.7,42,41%,59%,104,2025,"Drama, Horror",Mark Anthony Green,Mark Anthony Green,,,,,An iconic pop star returns after decades missing.,N/A,United States,N/A,,,
Death Of A Unicorn,6,51,54%,78%,104,2025,"Comedy, Fantasy, Horror",Alex Scharfman,Alex Scharfman,1,,,,Father-Daughter duo Elliott and Ridley hit a unicorn with their car and bring it to the wilderness retreat of a mega-wealthy pharmaceutical CEO.,R,"United States, Hungary",N/A,,,
Warfare,7.9,76,92%,93%,95,2025,"Action, Drama, War","Alex Garland, Ray Mendoza","Ray Mendoza, Alex Garland",,,,,"A platoon of Navy SEALs embark on a dangerous mission in Ramadi, Iraq, with the chaos and brotherhood of war retold through their memories of the event.",R,"United States, United Kingdom","$8,301,565",,,
The Legend Of Ochi,6.3,65,77%,65%,96,2025,"Adventure, Family, Fantasy",Isaiah Saxon,Isaiah Saxon,,,,,"In a remote village on the island of Carpathia, a shy girl is raised to fear an elusive animal species known as ochi. But when she discovers a wounded baby ochi has been left behind, she escapes on a quest to bring him home.",PG,"United States, Finland, United Kingdom","$52,514",,,